"","prop_name","correlation"
"1","isoelectricity",-0.0462609847057913
"2","length",0.0099281627557181
"3","hydrophobicity",0.0206442654330048
"4","weight",0.0120794446540267
"5","aliphatic",0.0863035861910746
